Region,Prefecture,Block,StoreName,Date,Value
中部,静岡県,中部ブロック,QB 静岡県 anchor_1号店,2018-08-01,2775164
中部,静岡県,中部ブロック,QB 静岡県 anchor_1号店,2018-09-01,2660044
中部,静岡県,中部ブロック,QB 静岡県 anchor_1号店,2018-10-01,2803966
中部,静岡県,中部ブロック,QB 静岡県 anchor_1号店,2018-11-01,2823435
中部,静岡県,中部ブロック,QB 静岡県 anchor_1号店,2018-12-01,3340991
中部,静岡県,中部ブロック,QB 静岡県 anchor_1号店,2019-01-01,2710882
中部,静岡県,中部ブロック,QB 静岡県 anchor_1号店,2019-02-01,2384682
中部,静岡県,中部ブロック,QB 静岡県 anchor_1号店,2019-03-01,3170922
中部,静岡県,中部ブロック,QB 静岡県 anchor_1号店,2019-04-01,2612403
中部,静岡県,中部ブロック,QB 静岡県 anchor_1号店,2019-05-01,2883408
中部,静岡県,中部ブロック,QB 静岡県 anchor_1号店,2019-06-01,2756096
中部,静岡県,中部ブロック,QB 静岡県 anchor_1号店,2019-07-01,2815878
中部,静岡県,中部ブロック,QB 静岡県 anchor_1号店,2019-08-01,3070548
中部,静岡県,中部ブロック,QB 静岡県 anchor_1号店,2019-09-01,2571158
中部,静岡県,中部ブロック,QB 静岡県 anchor_1号店,2019-10-01,2848752
中部,静岡県,中部ブロック,QB 静岡県 anchor_1号店,2019-11-01,2627620
中部,静岡県,中部ブロック,QB 静岡県 anchor_1号店,2019-12-01,3350095
中部,静岡県,中部ブロック,QB 静岡県 anchor_1号店,2020-01-01,2389773
中部,静岡県,中部ブロック,QB 静岡県 anchor_1号店,2020-02-01,2457521
中部,静岡県,中部ブロック,QB 静岡県 anchor_1号店,2020-03-01,3203271
中部,静岡県,中部ブロック,QB 静岡県 anchor_1号店,2020-04-01,1673984
中部,静岡県,中部ブロック,QB 静岡県 anchor_1号店,2020-05-01,1687648
中部,静岡県,中部ブロック,QB 静岡県 anchor_1号店,2020-06-01,1918661
中部,静岡県,中部ブロック,QB 静岡県 anchor_1号店,2020-07-01,2301599
中部,静岡県,中部ブロック,QB 静岡県 anchor_1号店,2020-08-01,2743339
中部,静岡県,中部ブロック,QB 静岡県 anchor_1号店,2020-09-01,2186517
中部,静岡県,中部ブロック,QB 静岡県 anchor_1号店,2020-10-01,2899302
中部,静岡県,中部ブロック,QB 静岡県 anchor_1号店,2020-11-01,2783278
中部,静岡県,中部ブロック,QB 静岡県 anchor_1号店,2020-12-01,3125066
中部,静岡県,中部ブロック,QB 静岡県 anchor_1号店,2021-01-01,2369103
中部,静岡県,中部ブロック,QB 静岡県 anchor_1号店,2021-02-01,2385561
中部,静岡県,中部ブロック,QB 静岡県 anchor_1号店,2021-03-01,2943989
中部,静岡県,中部ブロック,QB 静岡県 anchor_1号店,2021-04-01,2663922
中部,静岡県,中部ブロック,QB 静岡県 anchor_1号店,2021-05-01,2707275
中部,静岡県,中部ブロック,QB 静岡県 anchor_1号店,2021-06-01,2682866
中部,静岡県,中部ブロック,QB 静岡県 anchor_1号店,2021-07-01,2755500
中部,静岡県,中部ブロック,QB 静岡県 anchor_1号店,2021-08-01,3231492
中部,静岡県,中部ブロック,QB 静岡県 anchor_1号店,2021-09-01,2547534
中部,静岡県,中部ブロック,QB 静岡県 anchor_1号店,2021-10-01,2725416
中部,静岡県,中部ブロック,QB 静岡県 anchor_1号店,2021-11-01,2705403
中部,静岡県,中部ブロック,QB 静岡県 anchor_1号店,2021-12-01,3409031
中部,静岡県,中部ブロック,QB 静岡県 anchor_1号店,2022-01-01,2610050
中部,静岡県,中部ブロック,QB 静岡県 anchor_1号店,2022-02-01,2559655
中部,静岡県,中部ブロック,QB 静岡県 anchor_1号店,2022-03-01,2852957
中部,静岡県,中部ブロック,QB 静岡県 anchor_1号店,2022-04-01,2839141
中部,静岡県,中部ブロック,QB 静岡県 anchor_1号店,2022-05-01,2958166
中部,静岡県,中部ブロック,QB 静岡県 anchor_1号店,2022-06-01,3001798
中部,静岡県,中部ブロック,QB 静岡県 anchor_1号店,2022-07-01,2874530
中部,静岡県,中部ブロック,QB 静岡県 anchor_1号店,2022-08-01,2957027
中部,静岡県,中部ブロック,QB 静岡県 anchor_1号店,2022-09-01,2616982
中部,静岡県,中部ブロック,QB 静岡県 anchor_1号店,2022-10-01,2971963
中部,静岡県,中部ブロック,QB 静岡県 anchor_1号店,2022-11-01,3018723
中部,静岡県,中部ブロック,QB 静岡県 anchor_1号店,2022-12-01,3491775
中部,静岡県,中部ブロック,QB 静岡県 anchor_1号店,2023-01-01,2479244
中部,静岡県,中部ブロック,QB 静岡県 anchor_1号店,2023-02-01,2609185
中部,静岡県,中部ブロック,QB 静岡県 anchor_1号店,2023-03-01,3191792
中部,静岡県,中部ブロック,QB 静岡県 anchor_1号店,2023-04-01,2889847
中部,静岡県,中部ブロック,QB 静岡県 anchor_1号店,2023-05-01,3238024
中部,静岡県,中部ブロック,QB 静岡県 anchor_1号店,2023-06-01,2997519
中部,静岡県,中部ブロック,QB 静岡県 anchor_1号店,2023-07-01,3019249
中部,静岡県,中部ブロック,QB 静岡県 anchor_1号店,2023-08-01,3288401
中部,静岡県,中部ブロック,QB 静岡県 anchor_1号店,2023-09-01,2771886
中部,静岡県,中部ブロック,QB 静岡県 anchor_1号店,2023-10-01,2774264
中部,静岡県,中部ブロック,QB 静岡県 anchor_1号店,2023-11-01,2857085
中部,静岡県,中部ブロック,QB 静岡県 anchor_1号店,2023-12-01,3561839
関東,千葉県,関東ブロック,QB 千葉県 anchor_2号店,2018-10-01,3737750
関東,千葉県,関東ブロック,QB 千葉県 anchor_2号店,2018-11-01,2835035
関東,千葉県,関東ブロック,QB 千葉県 anchor_2号店,2018-12-01,4121193
関東,千葉県,関東ブロック,QB 千葉県 anchor_2号店,2019-01-01,3266413
関東,千葉県,関東ブロック,QB 千葉県 anchor_2号店,2019-02-01,3232372
関東,千葉県,関東ブロック,QB 千葉県 anchor_2号店,2019-03-01,3774323
関東,千葉県,関東ブロック,QB 千葉県 anchor_2号店,2019-04-01,3300315
関東,千葉県,関東ブロック,QB 千葉県 anchor_2号店,2019-05-01,3404373
関東,千葉県,関東ブロック,QB 千葉県 anchor_2号店,2019-06-01,3331771
関東,千葉県,関東ブロック,QB 千葉県 anchor_2号店,2019-07-01,3661243
関東,千葉県,関東ブロック,QB 千葉県 anchor_2号店,2019-08-01,3620547
関東,千葉県,関東ブロック,QB 千葉県 anchor_2号店,2019-09-01,3308309
関東,千葉県,関東ブロック,QB 千葉県 anchor_2号店,2019-10-01,3743712
関東,千葉県,関東ブロック,QB 千葉県 anchor_2号店,2019-11-01,3230157
関東,千葉県,関東ブロック,QB 千葉県 anchor_2号店,2019-12-01,3979496
関東,千葉県,関東ブロック,QB 千葉県 anchor_2号店,2020-01-01,3300273
関東,千葉県,関東ブロック,QB 千葉県 anchor_2号店,2020-02-01,3144466
関東,千葉県,関東ブロック,QB 千葉県 anchor_2号店,2020-03-01,3612251
関東,千葉県,関東ブロック,QB 千葉県 anchor_2号店,2020-04-01,2254862
関東,千葉県,関東ブロック,QB 千葉県 anchor_2号店,2020-05-01,2333792
関東,千葉県,関東ブロック,QB 千葉県 anchor_2号店,2020-06-01,2440897
関東,千葉県,関東ブロック,QB 千葉県 anchor_2号店,2020-07-01,2859522
関東,千葉県,関東ブロック,QB 千葉県 anchor_2号店,2020-08-01,3408091
関東,千葉県,関東ブロック,QB 千葉県 anchor_2号店,2020-09-01,2524119
関東,千葉県,関東ブロック,QB 千葉県 anchor_2号店,2020-10-01,3118066
関東,千葉県,関東ブロック,QB 千葉県 anchor_2号店,2020-11-01,3170737
関東,千葉県,関東ブロック,QB 千葉県 anchor_2号店,2020-12-01,4119186
関東,千葉県,関東ブロック,QB 千葉県 anchor_2号店,2021-01-01,3076873
関東,千葉県,関東ブロック,QB 千葉県 anchor_2号店,2021-02-01,3105681
関東,千葉県,関東ブロック,QB 千葉県 anchor_2号店,2021-03-01,3606706
関東,千葉県,関東ブロック,QB 千葉県 anchor_2号店,2021-04-01,3570990
関東,千葉県,関東ブロック,QB 千葉県 anchor_2号店,2021-05-01,3669515
関東,千葉県,関東ブロック,QB 千葉県 anchor_2号店,2021-06-01,3408168
関東,千葉県,関東ブロック,QB 千葉県 anchor_2号店,2021-07-01,3736240
関東,千葉県,関東ブロック,QB 千葉県 anchor_2号店,2021-08-01,4005781
関東,千葉県,関東ブロック,QB 千葉県 anchor_2号店,2021-09-01,3010856
関東,千葉県,関東ブロック,QB 千葉県 anchor_2号店,2021-10-01,3728403
関東,千葉県,関東ブロック,QB 千葉県 anchor_2号店,2021-11-01,3745803
関東,千葉県,関東ブロック,QB 千葉県 anchor_2号店,2021-12-01,3776660
関東,千葉県,関東ブロック,QB 千葉県 anchor_2号店,2022-01-01,3414762
関東,千葉県,関東ブロック,QB 千葉県 anchor_2号店,2022-02-01,3236405
関東,千葉県,関東ブロック,QB 千葉県 anchor_2号店,2022-03-01,3835301
関東,千葉県,関東ブロック,QB 千葉県 anchor_2号店,2022-04-01,3480265
関東,千葉県,関東ブロック,QB 千葉県 anchor_2号店,2022-05-01,3442887
関東,千葉県,関東ブロック,QB 千葉県 anchor_2号店,2022-06-01,3687527
関東,千葉県,関東ブロック,QB 千葉県 anchor_2号店,2022-07-01,3547853
関東,千葉県,関東ブロック,QB 千葉県 anchor_2号店,2022-08-01,3659241
関東,千葉県,関東ブロック,QB 千葉県 anchor_2号店,2022-09-01,3324134
関東,千葉県,関東ブロック,QB 千葉県 anchor_2号店,2022-10-01,3412322
関東,千葉県,関東ブロック,QB 千葉県 anchor_2号店,2022-11-01,3492402
関東,千葉県,関東ブロック,QB 千葉県 anchor_2号店,2022-12-01,4117320
関東,千葉県,関東ブロック,QB 千葉県 anchor_2号店,2023-01-01,3222495
関東,千葉県,関東ブロック,QB 千葉県 anchor_2号店,2023-02-01,3225995
関東,千葉県,関東ブロック,QB 千葉県 anchor_2号店,2023-03-01,3988893
関東,千葉県,関東ブロック,QB 千葉県 anchor_2号店,2023-04-01,3726231
関東,千葉県,関東ブロック,QB 千葉県 anchor_2号店,2023-05-01,3483360
関東,千葉県,関東ブロック,QB 千葉県 anchor_2号店,2023-06-01,3362825
関東,千葉県,関東ブロック,QB 千葉県 anchor_2号店,2023-07-01,3569002
関東,千葉県,関東ブロック,QB 千葉県 anchor_2号店,2023-08-01,3506053
関東,千葉県,関東ブロック,QB 千葉県 anchor_2号店,2023-09-01,3285650
関東,千葉県,関東ブロック,QB 千葉県 anchor_2号店,2023-10-01,3752250
関東,千葉県,関東ブロック,QB 千葉県 anchor_2号店,2023-11-01,3242082
関東,千葉県,関東ブロック,QB 千葉県 anchor_2号店,2023-12-01,4590399
中部,静岡県,中部ブロック,QB 静岡県 anchor_3号店,2018-06-01,3400614
中部,静岡県,中部ブロック,QB 静岡県 anchor_3号店,2018-07-01,3545193
中部,静岡県,中部ブロック,QB 静岡県 anchor_3号店,2018-08-01,3207752
中部,静岡県,中部ブロック,QB 静岡県 anchor_3号店,2018-09-01,3275911
中部,静岡県,中部ブロック,QB 静岡県 anchor_3号店,2018-10-01,3697500
中部,静岡県,中部ブロック,QB 静岡県 anchor_3号店,2018-11-01,3469092
中部,静岡県,中部ブロック,QB 静岡県 anchor_3号店,2018-12-01,4002574
中部,静岡県,中部ブロック,QB 静岡県 anchor_3号店,2019-01-01,3183991
中部,静岡県,中部ブロック,QB 静岡県 anchor_3号店,2019-02-01,3042776
中部,静岡県,中部ブロック,QB 静岡県 anchor_3号店,2019-03-01,3894294
中部,静岡県,中部ブロック,QB 静岡県 anchor_3号店,2019-04-01,3352040
中部,静岡県,中部ブロック,QB 静岡県 anchor_3号店,2019-05-01,3815329
中部,静岡県,中部ブロック,QB 静岡県 anchor_3号店,2019-06-01,3211865
中部,静岡県,中部ブロック,QB 静岡県 anchor_3号店,2019-07-01,3507410
中部,静岡県,中部ブロック,QB 静岡県 anchor_3号店,2019-08-01,3599844
中部,静岡県,中部ブロック,QB 静岡県 anchor_3号店,2019-09-01,3355205
中部,静岡県,中部ブロック,QB 静岡県 anchor_3号店,2019-10-01,3397406
中部,静岡県,中部ブロック,QB 静岡県 anchor_3号店,2019-11-01,3506682
中部,静岡県,中部ブロック,QB 静岡県 anchor_3号店,2019-12-01,4422334
中部,静岡県,中部ブロック,QB 静岡県 anchor_3号店,2020-01-01,3181164
中部,静岡県,中部ブロック,QB 静岡県 anchor_3号店,2020-02-01,3097227
中部,静岡県,中部ブロック,QB 静岡県 anchor_3号店,2020-03-01,3904847
中部,静岡県,中部ブロック,QB 静岡県 anchor_3号店,2020-04-01,1932951
中部,静岡県,中部ブロック,QB 静岡県 anchor_3号店,2020-05-01,2559718
中部,静岡県,中部ブロック,QB 静岡県 anchor_3号店,2020-06-01,2448988
中部,静岡県,中部ブロック,QB 静岡県 anchor_3号店,2020-07-01,2769095
中部,静岡県,中部ブロック,QB 静岡県 anchor_3号店,2020-08-01,2934399
中部,静岡県,中部ブロック,QB 静岡県 anchor_3号店,2020-09-01,2901108
中部,静岡県,中部ブロック,QB 静岡県 anchor_3号店,2020-10-01,3343608
中部,静岡県,中部ブロック,QB 静岡県 anchor_3号店,2020-11-01,2756819
中部,静岡県,中部ブロック,QB 静岡県 anchor_3号店,2020-12-01,3909478
中部,静岡県,中部ブロック,QB 静岡県 anchor_3号店,2021-01-01,2965731
中部,静岡県,中部ブロック,QB 静岡県 anchor_3号店,2021-02-01,3010555
中部,静岡県,中部ブロック,QB 静岡県 anchor_3号店,2021-03-01,4118508
中部,静岡県,中部ブロック,QB 静岡県 anchor_3号店,2021-04-01,3386725
中部,静岡県,中部ブロック,QB 静岡県 anchor_3号店,2021-05-01,3837144
中部,静岡県,中部ブロック,QB 静岡県 anchor_3号店,2021-06-01,3182698
中部,静岡県,中部ブロック,QB 静岡県 anchor_3号店,2021-07-01,3640056
中部,静岡県,中部ブロック,QB 静岡県 anchor_3号店,2021-08-01,3873076
中部,静岡県,中部ブロック,QB 静岡県 anchor_3号店,2021-09-01,3007936
中部,静岡県,中部ブロック,QB 静岡県 anchor_3号店,2021-10-01,3476316
中部,静岡県,中部ブロック,QB 静岡県 anchor_3号店,2021-11-01,3633284
中部,静岡県,中部ブロック,QB 静岡県 anchor_3号店,2021-12-01,4106043
中部,静岡県,中部ブロック,QB 静岡県 anchor_3号店,2022-01-01,3064007
中部,静岡県,中部ブロック,QB 静岡県 anchor_3号店,2022-02-01,3019552
中部,静岡県,中部ブロック,QB 静岡県 anchor_3号店,2022-03-01,3894822
中部,静岡県,中部ブロック,QB 静岡県 anchor_3号店,2022-04-01,3660641
中部,静岡県,中部ブロック,QB 静岡県 anchor_3号店,2022-05-01,3491278
中部,静岡県,中部ブロック,QB 静岡県 anchor_3号店,2022-06-01,3164320
中部,静岡県,中部ブロック,QB 静岡県 anchor_3号店,2022-07-01,3754346
中部,静岡県,中部ブロック,QB 静岡県 anchor_3号店,2022-08-01,3825368
中部,静岡県,中部ブロック,QB 静岡県 anchor_3号店,2022-09-01,3152406
中部,静岡県,中部ブロック,QB 静岡県 anchor_3号店,2022-10-01,3584536
中部,静岡県,中部ブロック,QB 静岡県 anchor_3号店,2022-11-01,3650746
中部,静岡県,中部ブロック,QB 静岡県 anchor_3号店,2022-12-01,4537310
中部,静岡県,中部ブロック,QB 静岡県 anchor_3号店,2023-01-01,3274814
中部,静岡県,中部ブロック,QB 静岡県 anchor_3号店,2023-02-01,3181921
中部,静岡県,中部ブロック,QB 静岡県 anchor_3号店,2023-03-01,3931054
中部,静岡県,中部ブロック,QB 静岡県 anchor_3号店,2023-04-01,3770848
中部,静岡県,中部ブロック,QB 静岡県 anchor_3号店,2023-05-01,3736285
中部,静岡県,中部ブロック,QB 静岡県 anchor_3号店,2023-06-01,3458384
中部,静岡県,中部ブロック,QB 静岡県 anchor_3号店,2023-07-01,3418218
中部,静岡県,中部ブロック,QB 静岡県 anchor_3号店,2023-08-01,4233507
中部,静岡県,中部ブロック,QB 静岡県 anchor_3号店,2023-09-01,3196132
中部,静岡県,中部ブロック,QB 静岡県 anchor_3号店,2023-10-01,3948263
中部,静岡県,中部ブロック,QB 静岡県 anchor_3号店,2023-11-01,3652396
中部,静岡県,中部ブロック,QB 静岡県 anchor_3号店,2023-12-01,4147730
中部,静岡県,中部ブロック,QB 静岡県 anchor_4号店,2018-11-01,2676329
中部,静岡県,中部ブロック,QB 静岡県 anchor_4号店,2018-12-01,3593092
中部,静岡県,中部ブロック,QB 静岡県 anchor_4号店,2019-01-01,2816106
中部,静岡県,中部ブロック,QB 静岡県 anchor_4号店,2019-02-01,2740032
中部,静岡県,中部ブロック,QB 静岡県 anchor_4号店,2019-03-01,3334392
中部,静岡県,中部ブロック,QB 静岡県 anchor_4号店,2019-04-01,2966458
中部,静岡県,中部ブロック,QB 静岡県 anchor_4号店,2019-05-01,2956554
中部,静岡県,中部ブロック,QB 静岡県 anchor_4号店,2019-06-01,2805534
中部,静岡県,中部ブロック,QB 静岡県 anchor_4号店,2019-07-01,2931435
中部,静岡県,中部ブロック,QB 静岡県 anchor_4号店,2019-08-01,3184210
中部,静岡県,中部ブロック,QB 静岡県 anchor_4号店,2019-09-01,2695424
中部,静岡県,中部ブロック,QB 静岡県 anchor_4号店,2019-10-01,3089181
中部,静岡県,中部ブロック,QB 静岡県 anchor_4号店,2019-11-01,2914186
中部,静岡県,中部ブロック,QB 静岡県 anchor_4号店,2019-12-01,3228084
中部,静岡県,中部ブロック,QB 静岡県 anchor_4号店,2020-01-01,2635516
中部,静岡県,中部ブロック,QB 静岡県 anchor_4号店,2020-02-01,2757599
中部,静岡県,中部ブロック,QB 静岡県 anchor_4号店,2020-03-01,3501602
中部,静岡県,中部ブロック,QB 静岡県 anchor_4号店,2020-04-01,1767933
中部,静岡県,中部ブロック,QB 静岡県 anchor_4号店,2020-05-01,2042999
中部,静岡県,中部ブロック,QB 静岡県 anchor_4号店,2020-06-01,2171765
中部,静岡県,中部ブロック,QB 静岡県 anchor_4号店,2020-07-01,2436943
中部,静岡県,中部ブロック,QB 静岡県 anchor_4号店,2020-08-01,2894827
中部,静岡県,中部ブロック,QB 静岡県 anchor_4号店,2020-09-01,2597196
中部,静岡県,中部ブロック,QB 静岡県 anchor_4号店,2020-10-01,2932412
中部,静岡県,中部ブロック,QB 静岡県 anchor_4号店,2020-11-01,2787675
中部,静岡県,中部ブロック,QB 静岡県 anchor_4号店,2020-12-01,3656906
中部,静岡県,中部ブロック,QB 静岡県 anchor_4号店,2021-01-01,2711503
中部,静岡県,中部ブロック,QB 静岡県 anchor_4号店,2021-02-01,2769538
中部,静岡県,中部ブロック,QB 静岡県 anchor_4号店,2021-03-01,3419517
中部,静岡県,中部ブロック,QB 静岡県 anchor_4号店,2021-04-01,3177030
中部,静岡県,中部ブロック,QB 静岡県 anchor_4号店,2021-05-01,3024090
中部,静岡県,中部ブロック,QB 静岡県 anchor_4号店,2021-06-01,3030011
中部,静岡県,中部ブロック,QB 静岡県 anchor_4号店,2021-07-01,3071996
中部,静岡県,中部ブロック,QB 静岡県 anchor_4号店,2021-08-01,3482321
中部,静岡県,中部ブロック,QB 静岡県 anchor_4号店,2021-09-01,2815818
中部,静岡県,中部ブロック,QB 静岡県 anchor_4号店,2021-10-01,2847719
中部,静岡県,中部ブロック,QB 静岡県 anchor_4号店,2021-11-01,3152971
中部,静岡県,中部ブロック,QB 静岡県 anchor_4号店,2021-12-01,3818771
中部,静岡県,中部ブロック,QB 静岡県 anchor_4号店,2022-01-01,2874291
中部,静岡県,中部ブロック,QB 静岡県 anchor_4号店,2022-02-01,2947200
中部,静岡県,中部ブロック,QB 静岡県 anchor_4号店,2022-03-01,3610195
中部,静岡県,中部ブロック,QB 静岡県 anchor_4号店,2022-04-01,3301825
中部,静岡県,中部ブロック,QB 静岡県 anchor_4号店,2022-05-01,3319589
中部,静岡県,中部ブロック,QB 静岡県 anchor_4号店,2022-06-01,3018099
中部,静岡県,中部ブロック,QB 静岡県 anchor_4号店,2022-07-01,3420691
中部,静岡県,中部ブロック,QB 静岡県 anchor_4号店,2022-08-01,3300468
中部,静岡県,中部ブロック,QB 静岡県 anchor_4号店,2022-09-01,3010314
中部,静岡県,中部ブロック,QB 静岡県 anchor_4号店,2022-10-01,2976741
中部,静岡県,中部ブロック,QB 静岡県 anchor_4号店,2022-11-01,3017336
中部,静岡県,中部ブロック,QB 静岡県 anchor_4号店,2022-12-01,3948241
中部,静岡県,中部ブロック,QB 静岡県 anchor_4号店,2023-01-01,2633671
中部,静岡県,中部ブロック,QB 静岡県 anchor_4号店,2023-02-01,3020187
中部,静岡県,中部ブロック,QB 静岡県 anchor_4号店,2023-03-01,3250787
中部,静岡県,中部ブロック,QB 静岡県 anchor_4号店,2023-04-01,3189440
中部,静岡県,中部ブロック,QB 静岡県 anchor_4号店,2023-05-01,3182147
中部,静岡県,中部ブロック,QB 静岡県 anchor_4号店,2023-06-01,3302244
中部,静岡県,中部ブロック,QB 静岡県 anchor_4号店,2023-07-01,3304115
中部,静岡県,中部ブロック,QB 静岡県 anchor_4号店,2023-08-01,3506149
中部,静岡県,中部ブロック,QB 静岡県 anchor_4号店,2023-09-01,3072934
中部,静岡県,中部ブロック,QB 静岡県 anchor_4号店,2023-10-01,3202769
中部,静岡県,中部ブロック,QB 静岡県 anchor_4号店,2023-11-01,3129747
中部,静岡県,中部ブロック,QB 静岡県 anchor_4号店,2023-12-01,3955253
中部,静岡県,中部ブロック,QB 静岡県 anchor_5号店,2018-09-01,2335729
中部,静岡県,中部ブロック,QB 静岡県 anchor_5号店,2018-10-01,2753577
中部,静岡県,中部ブロック,QB 静岡県 anchor_5号店,2018-11-01,2414399
中部,静岡県,中部ブロック,QB 静岡県 anchor_5号店,2018-12-01,3131149
中部,静岡県,中部ブロック,QB 静岡県 anchor_5号店,2019-01-01,2369103
中部,静岡県,中部ブロック,QB 静岡県 anchor_5号店,2019-02-01,2215816
中部,静岡県,中部ブロック,QB 静岡県 anchor_5号店,2019-03-01,2797239
中部,静岡県,中部ブロック,QB 静岡県 anchor_5号店,2019-04-01,2406047
中部,静岡県,中部ブロック,QB 静岡県 anchor_5号店,2019-05-01,2859365
中部,静岡県,中部ブロック,QB 静岡県 anchor_5号店,2019-06-01,2400551
中部,静岡県,中部ブロック,QB 静岡県 anchor_5号店,2019-07-01,2541451
中部,静岡県,中部ブロック,QB 静岡県 anchor_5号店,2019-08-01,2783474
中部,静岡県,中部ブロック,QB 静岡県 anchor_5号店,2019-09-01,2423442
中部,静岡県,中部ブロック,QB 静岡県 anchor_5号店,2019-10-01,2432053
中部,静岡県,中部ブロック,QB 静岡県 anchor_5号店,2019-11-01,2626788
中部,静岡県,中部ブロック,QB 静岡県 anchor_5号店,2019-12-01,3146559
中部,静岡県,中部ブロック,QB 静岡県 anchor_5号店,2020-01-01,2190919
中部,静岡県,中部ブロック,QB 静岡県 anchor_5号店,2020-02-01,2235955
中部,静岡県,中部ブロック,QB 静岡県 anchor_5号店,2020-03-01,2671683
中部,静岡県,中部ブロック,QB 静岡県 anchor_5号店,2020-04-01,1570976
中部,静岡県,中部ブロック,QB 静岡県 anchor_5号店,2020-05-01,1782398
中部,静岡県,中部ブロック,QB 静岡県 anchor_5号店,2020-06-01,1912267
中部,静岡県,中部ブロック,QB 静岡県 anchor_5号店,2020-07-01,2149313
中部,静岡県,中部ブロック,QB 静岡県 anchor_5号店,2020-08-01,2364427
中部,静岡県,中部ブロック,QB 静岡県 anchor_5号店,2020-09-01,2082720
中部,静岡県,中部ブロック,QB 静岡県 anchor_5号店,2020-10-01,2483177
中部,静岡県,中部ブロック,QB 静岡県 anchor_5号店,2020-11-01,2495370
中部,静岡県,中部ブロック,QB 静岡県 anchor_5号店,2020-12-01,3056497
中部,静岡県,中部ブロック,QB 静岡県 anchor_5号店,2021-01-01,2396090
中部,静岡県,中部ブロック,QB 静岡県 anchor_5号店,2021-02-01,2258549
中部,静岡県,中部ブロック,QB 静岡県 anchor_5号店,2021-03-01,2693639
中部,静岡県,中部ブロック,QB 静岡県 anchor_5号店,2021-04-01,2995937
中部,静岡県,中部ブロック,QB 静岡県 anchor_5号店,2021-05-01,2749901
中部,静岡県,中部ブロック,QB 静岡県 anchor_5号店,2021-06-01,2663628
中部,静岡県,中部ブロック,QB 静岡県 anchor_5号店,2021-07-01,2680648
中部,静岡県,中部ブロック,QB 静岡県 anchor_5号店,2021-08-01,2683973
中部,静岡県,中部ブロック,QB 静岡県 anchor_5号店,2021-09-01,2348712
中部,静岡県,中部ブロック,QB 静岡県 anchor_5号店,2021-10-01,2664270
中部,静岡県,中部ブロック,QB 静岡県 anchor_5号店,2021-11-01,2482852
中部,静岡県,中部ブロック,QB 静岡県 anchor_5号店,2021-12-01,2940977
中部,静岡県,中部ブロック,QB 静岡県 anchor_5号店,2022-01-01,2440730
中部,静岡県,中部ブロック,QB 静岡県 anchor_5号店,2022-02-01,2550302
中部,静岡県,中部ブロック,QB 静岡県 anchor_5号店,2022-03-01,2954057
中部,静岡県,中部ブロック,QB 静岡県 anchor_5号店,2022-04-01,2673203
中部,静岡県,中部ブロック,QB 静岡県 anchor_5号店,2022-05-01,2342911
中部,静岡県,中部ブロック,QB 静岡県 anchor_5号店,2022-06-01,2585766
中部,静岡県,中部ブロック,QB 静岡県 anchor_5号店,2022-07-01,2518327
中部,静岡県,中部ブロック,QB 静岡県 anchor_5号店,2022-08-01,2982742
中部,静岡県,中部ブロック,QB 静岡県 anchor_5号店,2022-09-01,2485366
中部,静岡県,中部ブロック,QB 静岡県 anchor_5号店,2022-10-01,2673425
中部,静岡県,中部ブロック,QB 静岡県 anchor_5号店,2022-11-01,2656610
中部,静岡県,中部ブロック,QB 静岡県 anchor_5号店,2022-12-01,3171690
中部,静岡県,中部ブロック,QB 静岡県 anchor_5号店,2023-01-01,2626350
中部,静岡県,中部ブロック,QB 静岡県 anchor_5号店,2023-02-01,2547405
中部,静岡県,中部ブロック,QB 静岡県 anchor_5号店,2023-03-01,3252854
中部,静岡県,中部ブロック,QB 静岡県 anchor_5号店,2023-04-01,2834340
中部,静岡県,中部ブロック,QB 静岡県 anchor_5号店,2023-05-01,2611608
中部,静岡県,中部ブロック,QB 静岡県 anchor_5号店,2023-06-01,2784285
中部,静岡県,中部ブロック,QB 静岡県 anchor_5号店,2023-07-01,2764800
中部,静岡県,中部ブロック,QB 静岡県 anchor_5号店,2023-08-01,2820079
中部,静岡県,中部ブロック,QB 静岡県 anchor_5号店,2023-09-01,2539504
中部,静岡県,中部ブロック,QB 静岡県 anchor_5号店,2023-10-01,2612096
中部,静岡県,中部ブロック,QB 静岡県 anchor_5号店,2023-11-01,2630900
中部,静岡県,中部ブロック,QB 静岡県 anchor_5号店,2023-12-01,3249822
東北,宮城県,東北ブロック,QB 宮城県 anchor_6号店,2018-01-01,2646640
東北,宮城県,東北ブロック,QB 宮城県 anchor_6号店,2018-02-01,2422225
東北,宮城県,東北ブロック,QB 宮城県 anchor_6号店,2018-03-01,3195168
東北,宮城県,東北ブロック,QB 宮城県 anchor_6号店,2018-04-01,2791050
東北,宮城県,東北ブロック,QB 宮城県 anchor_6号店,2018-05-01,3016891
東北,宮城県,東北ブロック,QB 宮城県 anchor_6号店,2018-06-01,2694292
東北,宮城県,東北ブロック,QB 宮城県 anchor_6号店,2018-07-01,2846046
東北,宮城県,東北ブロック,QB 宮城県 anchor_6号店,2018-08-01,3060775
東北,宮城県,東北ブロック,QB 宮城県 anchor_6号店,2018-09-01,2494010
東北,宮城県,東北ブロック,QB 宮城県 anchor_6号店,2018-10-01,2821615
東北,宮城県,東北ブロック,QB 宮城県 anchor_6号店,2018-11-01,2788799
東北,宮城県,東北ブロック,QB 宮城県 anchor_6号店,2018-12-01,3637407
東北,宮城県,東北ブロック,QB 宮城県 anchor_6号店,2019-01-01,2616885
東北,宮城県,東北ブロック,QB 宮城県 anchor_6号店,2019-02-01,2705273
東北,宮城県,東北ブロック,QB 宮城県 anchor_6号店,2019-03-01,3212594
東北,宮城県,東北ブロック,QB 宮城県 anchor_6号店,2019-04-01,2992856
東北,宮城県,東北ブロック,QB 宮城県 anchor_6号店,2019-05-01,2849509
東北,宮城県,東北ブロック,QB 宮城県 anchor_6号店,2019-06-01,2652304
東北,宮城県,東北ブロック,QB 宮城県 anchor_6号店,2019-07-01,2848248
東北,宮城県,東北ブロック,QB 宮城県 anchor_6号店,2019-08-01,2842795
東北,宮城県,東北ブロック,QB 宮城県 anchor_6号店,2019-09-01,2685184
東北,宮城県,東北ブロック,QB 宮城県 anchor_6号店,2019-10-01,2868503
東北,宮城県,東北ブロック,QB 宮城県 anchor_6号店,2019-11-01,2700557
東北,宮城県,東北ブロック,QB 宮城県 anchor_6号店,2019-12-01,3421968
東北,宮城県,東北ブロック,QB 宮城県 anchor_6号店,2020-01-01,2600130
東北,宮城県,東北ブロック,QB 宮城県 anchor_6号店,2020-02-01,2668701
東北,宮城県,東北ブロック,QB 宮城県 anchor_6号店,2020-03-01,3222922
東北,宮城県,東北ブロック,QB 宮城県 anchor_6号店,2020-04-01,1644790
東北,宮城県,東北ブロック,QB 宮城県 anchor_6号店,2020-05-01,1821829
東北,宮城県,東北ブロック,QB 宮城県 anchor_6号店,2020-06-01,2092642
東北,宮城県,東北ブロック,QB 宮城県 anchor_6号店,2020-07-01,2358118
東北,宮城県,東北ブロック,QB 宮城県 anchor_6号店,2020-08-01,2605545
東北,宮城県,東北ブロック,QB 宮城県 anchor_6号店,2020-09-01,2350149
東北,宮城県,東北ブロック,QB 宮城県 anchor_6号店,2020-10-01,2867224
東北,宮城県,東北ブロック,QB 宮城県 anchor_6号店,2020-11-01,2488797
東北,宮城県,東北ブロック,QB 宮城県 anchor_6号店,2020-12-01,3207696
東北,宮城県,東北ブロック,QB 宮城県 anchor_6号店,2021-01-01,2654665
東北,宮城県,東北ブロック,QB 宮城県 anchor_6号店,2021-02-01,2679830
東北,宮城県,東北ブロック,QB 宮城県 anchor_6号店,2021-03-01,3300361
東北,宮城県,東北ブロック,QB 宮城県 anchor_6号店,2021-04-01,2856229
東北,宮城県,東北ブロック,QB 宮城県 anchor_6号店,2021-05-01,2637616
東北,宮城県,東北ブロック,QB 宮城県 anchor_6号店,2021-06-01,2860929
東北,宮城県,東北ブロック,QB 宮城県 anchor_6号店,2021-07-01,3287198
東北,宮城県,東北ブロック,QB 宮城県 anchor_6号店,2021-08-01,2994725
東北,宮城県,東北ブロック,QB 宮城県 anchor_6号店,2021-09-01,2651863
東北,宮城県,東北ブロック,QB 宮城県 anchor_6号店,2021-10-01,2943984
東北,宮城県,東北ブロック,QB 宮城県 anchor_6号店,2021-11-01,2867927
東北,宮城県,東北ブロック,QB 宮城県 anchor_6号店,2021-12-01,3836813
東北,宮城県,東北ブロック,QB 宮城県 anchor_6号店,2022-01-01,2629743
東北,宮城県,東北ブロック,QB 宮城県 anchor_6号店,2022-02-01,2587260
東北,宮城県,東北ブロック,QB 宮城県 anchor_6号店,2022-03-01,3143873
東北,宮城県,東北ブロック,QB 宮城県 anchor_6号店,2022-04-01,3090947
東北,宮城県,東北ブロック,QB 宮城県 anchor_6号店,2022-05-01,2897239
東北,宮城県,東北ブロック,QB 宮城県 anchor_6号店,2022-06-01,3103263
東北,宮城県,東北ブロック,QB 宮城県 anchor_6号店,2022-07-01,3048943
東北,宮城県,東北ブロック,QB 宮城県 anchor_6号店,2022-08-01,2865474
東北,宮城県,東北ブロック,QB 宮城県 anchor_6号店,2022-09-01,2798504
東北,宮城県,東北ブロック,QB 宮城県 anchor_6号店,2022-10-01,2996200
東北,宮城県,東北ブロック,QB 宮城県 anchor_6号店,2022-11-01,2787032
東北,宮城県,東北ブロック,QB 宮城県 anchor_6号店,2022-12-01,3747124
東北,宮城県,東北ブロック,QB 宮城県 anchor_6号店,2023-01-01,2614949
東北,宮城県,東北ブロック,QB 宮城県 anchor_6号店,2023-02-01,2796557
東北,宮城県,東北ブロック,QB 宮城県 anchor_6号店,2023-03-01,3123083
東北,宮城県,東北ブロック,QB 宮城県 anchor_6号店,2023-04-01,2792406
東北,宮城県,東北ブロック,QB 宮城県 anchor_6号店,2023-05-01,2954015
東北,宮城県,東北ブロック,QB 宮城県 anchor_6号店,2023-06-01,2679411
東北,宮城県,東北ブロック,QB 宮城県 anchor_6号店,2023-07-01,2985265
東北,宮城県,東北ブロック,QB 宮城県 anchor_6号店,2023-08-01,3068190
東北,宮城県,東北ブロック,QB 宮城県 anchor_6号店,2023-09-01,2676862
東北,宮城県,東北ブロック,QB 宮城県 anchor_6号店,2023-10-01,2959583
東北,宮城県,東北ブロック,QB 宮城県 anchor_6号店,2023-11-01,3004994
東北,宮城県,東北ブロック,QB 宮城県 anchor_6号店,2023-12-01,3453190
関東,埼玉県,関東ブロック,QB 埼玉県 anchor_7号店,2018-10-01,3742935
関東,埼玉県,関東ブロック,QB 埼玉県 anchor_7号店,2018-11-01,3551590
関東,埼玉県,関東ブロック,QB 埼玉県 anchor_7号店,2018-12-01,4383496
関東,埼玉県,関東ブロック,QB 埼玉県 anchor_7号店,2019-01-01,3183152
関東,埼玉県,関東ブロック,QB 埼玉県 anchor_7号店,2019-02-01,3373202
関東,埼玉県,関東ブロック,QB 埼玉県 anchor_7号店,2019-03-01,4198862
関東,埼玉県,関東ブロック,QB 埼玉県 anchor_7号店,2019-04-01,3617670
関東,埼玉県,関東ブロック,QB 埼玉県 anchor_7号店,2019-05-01,3901514
関東,埼玉県,関東ブロック,QB 埼玉県 anchor_7号店,2019-06-01,3519909
関東,埼玉県,関東ブロック,QB 埼玉県 anchor_7号店,2019-07-01,3596784
関東,埼玉県,関東ブロック,QB 埼玉県 anchor_7号店,2019-08-01,3616394
関東,埼玉県,関東ブロック,QB 埼玉県 anchor_7号店,2019-09-01,3333117
関東,埼玉県,関東ブロック,QB 埼玉県 anchor_7号店,2019-10-01,3489307
関東,埼玉県,関東ブロック,QB 埼玉県 anchor_7号店,2019-11-01,3494399
関東,埼玉県,関東ブロック,QB 埼玉県 anchor_7号店,2019-12-01,4160605
関東,埼玉県,関東ブロック,QB 埼玉県 anchor_7号店,2020-01-01,3371632
関東,埼玉県,関東ブロック,QB 埼玉県 anchor_7号店,2020-02-01,3292907
関東,埼玉県,関東ブロック,QB 埼玉県 anchor_7号店,2020-03-01,3944229
関東,埼玉県,関東ブロック,QB 埼玉県 anchor_7号店,2020-04-01,2108084
関東,埼玉県,関東ブロック,QB 埼玉県 anchor_7号店,2020-05-01,2444446
関東,埼玉県,関東ブロック,QB 埼玉県 anchor_7号店,2020-06-01,2639748
関東,埼玉県,関東ブロック,QB 埼玉県 anchor_7号店,2020-07-01,2974203
関東,埼玉県,関東ブロック,QB 埼玉県 anchor_7号店,2020-08-01,3188163
関東,埼玉県,関東ブロック,QB 埼玉県 anchor_7号店,2020-09-01,2861096
関東,埼玉県,関東ブロック,QB 埼玉県 anchor_7号店,2020-10-01,3150926
関東,埼玉県,関東ブロック,QB 埼玉県 anchor_7号店,2020-11-01,3162816
関東,埼玉県,関東ブロック,QB 埼玉県 anchor_7号店,2020-12-01,4108918
関東,埼玉県,関東ブロック,QB 埼玉県 anchor_7号店,2021-01-01,3239941
関東,埼玉県,関東ブロック,QB 埼玉県 anchor_7号店,2021-02-01,3236004
関東,埼玉県,関東ブロック,QB 埼玉県 anchor_7号店,2021-03-01,3852270
関東,埼玉県,関東ブロック,QB 埼玉県 anchor_7号店,2021-04-01,3499592
関東,埼玉県,関東ブロック,QB 埼玉県 anchor_7号店,2021-05-01,3805838
関東,埼玉県,関東ブロック,QB 埼玉県 anchor_7号店,2021-06-01,3657504
関東,埼玉県,関東ブロック,QB 埼玉県 anchor_7号店,2021-07-01,3723362
関東,埼玉県,関東ブロック,QB 埼玉県 anchor_7号店,2021-08-01,3894604
関東,埼玉県,関東ブロック,QB 埼玉県 anchor_7号店,2021-09-01,3474713
関東,埼玉県,関東ブロック,QB 埼玉県 anchor_7号店,2021-10-01,3525027
関東,埼玉県,関東ブロック,QB 埼玉県 anchor_7号店,2021-11-01,3507069
関東,埼玉県,関東ブロック,QB 埼玉県 anchor_7号店,2021-12-01,4441645
関東,埼玉県,関東ブロック,QB 埼玉県 anchor_7号店,2022-01-01,3415875
関東,埼玉県,関東ブロック,QB 埼玉県 anchor_7号店,2022-02-01,3206430
関東,埼玉県,関東ブロック,QB 埼玉県 anchor_7号店,2022-03-01,4507825
関東,埼玉県,関東ブロック,QB 埼玉県 anchor_7号店,2022-04-01,3844400
関東,埼玉県,関東ブロック,QB 埼玉県 anchor_7号店,2022-05-01,3757080
関東,埼玉県,関東ブロック,QB 埼玉県 anchor_7号店,2022-06-01,3401744
関東,埼玉県,関東ブロック,QB 埼玉県 anchor_7号店,2022-07-01,3955426
関東,埼玉県,関東ブロック,QB 埼玉県 anchor_7号店,2022-08-01,3587671
関東,埼玉県,関東ブロック,QB 埼玉県 anchor_7号店,2022-09-01,3325707
関東,埼玉県,関東ブロック,QB 埼玉県 anchor_7号店,2022-10-01,3719146
関東,埼玉県,関東ブロック,QB 埼玉県 anchor_7号店,2022-11-01,3561795
関東,埼玉県,関東ブロック,QB 埼玉県 anchor_7号店,2022-12-01,4461096
関東,埼玉県,関東ブロック,QB 埼玉県 anchor_7号店,2023-01-01,3653765
関東,埼玉県,関東ブロック,QB 埼玉県 anchor_7号店,2023-02-01,3615785
関東,埼玉県,関東ブロック,QB 埼玉県 anchor_7号店,2023-03-01,4316517
関東,埼玉県,関東ブロック,QB 埼玉県 anchor_7号店,2023-04-01,3840357
関東,埼玉県,関東ブロック,QB 埼玉県 anchor_7号店,2023-05-01,3762618
関東,埼玉県,関東ブロック,QB 埼玉県 anchor_7号店,2023-06-01,3431840
関東,埼玉県,関東ブロック,QB 埼玉県 anchor_7号店,2023-07-01,3967654
関東,埼玉県,関東ブロック,QB 埼玉県 anchor_7号店,2023-08-01,4179157
関東,埼玉県,関東ブロック,QB 埼玉県 anchor_7号店,2023-09-01,3300505
関東,埼玉県,関東ブロック,QB 埼玉県 anchor_7号店,2023-10-01,3662045
関東,埼玉県,関東ブロック,QB 埼玉県 anchor_7号店,2023-11-01,3671903
関東,埼玉県,関東ブロック,QB 埼玉県 anchor_7号店,2023-12-01,4812718
関西,大阪府,関西ブロック,QB 大阪府 anchor_8号店,2018-01-01,2226809
関西,大阪府,関西ブロック,QB 大阪府 anchor_8号店,2018-02-01,2169478
関西,大阪府,関西ブロック,QB 大阪府 anchor_8号店,2018-03-01,2722134
関西,大阪府,関西ブロック,QB 大阪府 anchor_8号店,2018-04-01,2504673
関西,大阪府,関西ブロック,QB 大阪府 anchor_8号店,2018-05-01,2419279
関西,大阪府,関西ブロック,QB 大阪府 anchor_8号店,2018-06-01,2274303
関西,大阪府,関西ブロック,QB 大阪府 anchor_8号店,2018-07-01,2304540
関西,大阪府,関西ブロック,QB 大阪府 anchor_8号店,2018-08-01,2640023
関西,大阪府,関西ブロック,QB 大阪府 anchor_8号店,2018-09-01,2266553
関西,大阪府,関西ブロック,QB 大阪府 anchor_8号店,2018-10-01,2377827
関西,大阪府,関西ブロック,QB 大阪府 anchor_8号店,2018-11-01,2355957
関西,大阪府,関西ブロック,QB 大阪府 anchor_8号店,2018-12-01,2983299
関西,大阪府,関西ブロック,QB 大阪府 anchor_8号店,2019-01-01,2280400
関西,大阪府,関西ブロック,QB 大阪府 anchor_8号店,2019-02-01,2347239
関西,大阪府,関西ブロック,QB 大阪府 anchor_8号店,2019-03-01,2668322
関西,大阪府,関西ブロック,QB 大阪府 anchor_8号店,2019-04-01,2591528
関西,大阪府,関西ブロック,QB 大阪府 anchor_8号店,2019-05-01,2471076
関西,大阪府,関西ブロック,QB 大阪府 anchor_8号店,2019-06-01,2416762
関西,大阪府,関西ブロック,QB 大阪府 anchor_8号店,2019-07-01,2274211
関西,大阪府,関西ブロック,QB 大阪府 anchor_8号店,2019-08-01,2761853
関西,大阪府,関西ブロック,QB 大阪府 anchor_8号店,2019-09-01,2433921
関西,大阪府,関西ブロック,QB 大阪府 anchor_8号店,2019-10-01,2560018
関西,大阪府,関西ブロック,QB 大阪府 anchor_8号店,2019-11-01,2405511
関西,大阪府,関西ブロック,QB 大阪府 anchor_8号店,2019-12-01,2881817
関西,大阪府,関西ブロック,QB 大阪府 anchor_8号店,2020-01-01,2433353
関西,大阪府,関西ブロック,QB 大阪府 anchor_8号店,2020-02-01,2342250
関西,大阪府,関西ブロック,QB 大阪府 anchor_8号店,2020-03-01,2885985
関西,大阪府,関西ブロック,QB 大阪府 anchor_8号店,2020-04-01,1487417
関西,大阪府,関西ブロック,QB 大阪府 anchor_8号店,2020-05-01,1483074
関西,大阪府,関西ブロック,QB 大阪府 anchor_8号店,2020-06-01,1752429
関西,大阪府,関西ブロック,QB 大阪府 anchor_8号店,2020-07-01,2041835
関西,大阪府,関西ブロック,QB 大阪府 anchor_8号店,2020-08-01,2300013
関西,大阪府,関西ブロック,QB 大阪府 anchor_8号店,2020-09-01,2008352
関西,大阪府,関西ブロック,QB 大阪府 anchor_8号店,2020-10-01,2396972
関西,大阪府,関西ブロック,QB 大阪府 anchor_8号店,2020-11-01,2368670
関西,大阪府,関西ブロック,QB 大阪府 anchor_8号店,2020-12-01,2842576
関西,大阪府,関西ブロック,QB 大阪府 anchor_8号店,2021-01-01,2264447
関西,大阪府,関西ブロック,QB 大阪府 anchor_8号店,2021-02-01,2366207
関西,大阪府,関西ブロック,QB 大阪府 anchor_8号店,2021-03-01,2845416
関西,大阪府,関西ブロック,QB 大阪府 anchor_8号店,2021-04-01,2606997
関西,大阪府,関西ブロック,QB 大阪府 anchor_8号店,2021-05-01,2534888
関西,大阪府,関西ブロック,QB 大阪府 anchor_8号店,2021-06-01,2504565
関西,大阪府,関西ブロック,QB 大阪府 anchor_8号店,2021-07-01,2756094
関西,大阪府,関西ブロック,QB 大阪府 anchor_8号店,2021-08-01,2642359
関西,大阪府,関西ブロック,QB 大阪府 anchor_8号店,2021-09-01,2200183
関西,大阪府,関西ブロック,QB 大阪府 anchor_8号店,2021-10-01,2702128
関西,大阪府,関西ブロック,QB 大阪府 anchor_8号店,2021-11-01,2628386
関西,大阪府,関西ブロック,QB 大阪府 anchor_8号店,2021-12-01,3163909
関西,大阪府,関西ブロック,QB 大阪府 anchor_8号店,2022-01-01,2279253
関西,大阪府,関西ブロック,QB 大阪府 anchor_8号店,2022-02-01,2211294
関西,大阪府,関西ブロック,QB 大阪府 anchor_8号店,2022-03-01,3130609
関西,大阪府,関西ブロック,QB 大阪府 anchor_8号店,2022-04-01,2788704
関西,大阪府,関西ブロック,QB 大阪府 anchor_8号店,2022-05-01,2833130
関西,大阪府,関西ブロック,QB 大阪府 anchor_8号店,2022-06-01,2680783
関西,大阪府,関西ブロック,QB 大阪府 anchor_8号店,2022-07-01,2665622
関西,大阪府,関西ブロック,QB 大阪府 anchor_8号店,2022-08-01,2434703
関西,大阪府,関西ブロック,QB 大阪府 anchor_8号店,2022-09-01,2410431
関西,大阪府,関西ブロック,QB 大阪府 anchor_8号店,2022-10-01,2573637
関西,大阪府,関西ブロック,QB 大阪府 anchor_8号店,2022-11-01,2514162
関西,大阪府,関西ブロック,QB 大阪府 anchor_8号店,2022-12-01,3049550
関西,大阪府,関西ブロック,QB 大阪府 anchor_8号店,2023-01-01,2427482
関西,大阪府,関西ブロック,QB 大阪府 anchor_8号店,2023-02-01,2501783
関西,大阪府,関西ブロック,QB 大阪府 anchor_8号店,2023-03-01,3185827
関西,大阪府,関西ブロック,QB 大阪府 anchor_8号店,2023-04-01,2480200
関西,大阪府,関西ブロック,QB 大阪府 anchor_8号店,2023-05-01,2550741
関西,大阪府,関西ブロック,QB 大阪府 anchor_8号店,2023-06-01,2581311
関西,大阪府,関西ブロック,QB 大阪府 anchor_8号店,2023-07-01,2371673
関西,大阪府,関西ブロック,QB 大阪府 anchor_8号店,2023-08-01,2827926
関西,大阪府,関西ブロック,QB 大阪府 anchor_8号店,2023-09-01,2370254
関西,大阪府,関西ブロック,QB 大阪府 anchor_8号店,2023-10-01,2749065
関西,大阪府,関西ブロック,QB 大阪府 anchor_8号店,2023-11-01,2399415
関西,大阪府,関西ブロック,QB 大阪府 anchor_8号店,2023-12-01,3017201
関東,千葉県,関東ブロック,QB 千葉県 anchor_9号店,2018-04-01,3344530
関東,千葉県,関東ブロック,QB 千葉県 anchor_9号店,2018-05-01,3580042
関東,千葉県,関東ブロック,QB 千葉県 anchor_9号店,2018-06-01,3481083
関東,千葉県,関東ブロック,QB 千葉県 anchor_9号店,2018-07-01,3391116
関東,千葉県,関東ブロック,QB 千葉県 anchor_9号店,2018-08-01,4089844
関東,千葉県,関東ブロック,QB 千葉県 anchor_9号店,2018-09-01,3151676
関東,千葉県,関東ブロック,QB 千葉県 anchor_9号店,2018-10-01,3366027
関東,千葉県,関東ブロック,QB 千葉県 anchor_9号店,2018-11-01,3368716
関東,千葉県,関東ブロック,QB 千葉県 anchor_9号店,2018-12-01,4192268
関東,千葉県,関東ブロック,QB 千葉県 anchor_9号店,2019-01-01,2900477
関東,千葉県,関東ブロック,QB 千葉県 anchor_9号店,2019-02-01,3165682
関東,千葉県,関東ブロック,QB 千葉県 anchor_9号店,2019-03-01,3953477
関東,千葉県,関東ブロック,QB 千葉県 anchor_9号店,2019-04-01,3817246
関東,千葉県,関東ブロック,QB 千葉県 anchor_9号店,2019-05-01,3491474
関東,千葉県,関東ブロック,QB 千葉県 anchor_9号店,2019-06-01,3292585
関東,千葉県,関東ブロック,QB 千葉県 anchor_9号店,2019-07-01,3650434
関東,千葉県,関東ブロック,QB 千葉県 anchor_9号店,2019-08-01,3762121
関東,千葉県,関東ブロック,QB 千葉県 anchor_9号店,2019-09-01,3361244
関東,千葉県,関東ブロック,QB 千葉県 anchor_9号店,2019-10-01,3362615
関東,千葉県,関東ブロック,QB 千葉県 anchor_9号店,2019-11-01,3324632
関東,千葉県,関東ブロック,QB 千葉県 anchor_9号店,2019-12-01,4550760
関東,千葉県,関東ブロック,QB 千葉県 anchor_9号店,2020-01-01,3258821
関東,千葉県,関東ブロック,QB 千葉県 anchor_9号店,2020-02-01,3255822
関東,千葉県,関東ブロック,QB 千葉県 anchor_9号店,2020-03-01,4335658
関東,千葉県,関東ブロック,QB 千葉県 anchor_9号店,2020-04-01,2213696
関東,千葉県,関東ブロック,QB 千葉県 anchor_9号店,2020-05-01,2235124
関東,千葉県,関東ブロック,QB 千葉県 anchor_9号店,2020-06-01,2746248
関東,千葉県,関東ブロック,QB 千葉県 anchor_9号店,2020-07-01,3050871
関東,千葉県,関東ブロック,QB 千葉県 anchor_9号店,2020-08-01,3067016
関東,千葉県,関東ブロック,QB 千葉県 anchor_9号店,2020-09-01,2969007
関東,千葉県,関東ブロック,QB 千葉県 anchor_9号店,2020-10-01,3135259
関東,千葉県,関東ブロック,QB 千葉県 anchor_9号店,2020-11-01,3312607
関東,千葉県,関東ブロック,QB 千葉県 anchor_9号店,2020-12-01,3855005
関東,千葉県,関東ブロック,QB 千葉県 anchor_9号店,2021-01-01,3173512
関東,千葉県,関東ブロック,QB 千葉県 anchor_9号店,2021-02-01,3168585
関東,千葉県,関東ブロック,QB 千葉県 anchor_9号店,2021-03-01,3797619
関東,千葉県,関東ブロック,QB 千葉県 anchor_9号店,2021-04-01,4137038
関東,千葉県,関東ブロック,QB 千葉県 anchor_9号店,2021-05-01,3480484
関東,千葉県,関東ブロック,QB 千葉県 anchor_9号店,2021-06-01,3337954
関東,千葉県,関東ブロック,QB 千葉県 anchor_9号店,2021-07-01,3739721
関東,千葉県,関東ブロック,QB 千葉県 anchor_9号店,2021-08-01,3819642
関東,千葉県,関東ブロック,QB 千葉県 anchor_9号店,2021-09-01,3221035
関東,千葉県,関東ブロック,QB 千葉県 anchor_9号店,2021-10-01,3631363
関東,千葉県,関東ブロック,QB 千葉県 anchor_9号店,2021-11-01,3797132
関東,千葉県,関東ブロック,QB 千葉県 anchor_9号店,2021-12-01,4256207
関東,千葉県,関東ブロック,QB 千葉県 anchor_9号店,2022-01-01,3291965
関東,千葉県,関東ブロック,QB 千葉県 anchor_9号店,2022-02-01,3255192
関東,千葉県,関東ブロック,QB 千葉県 anchor_9号店,2022-03-01,3896445
関東,千葉県,関東ブロック,QB 千葉県 anchor_9号店,2022-04-01,3631149
関東,千葉県,関東ブロック,QB 千葉県 anchor_9号店,2022-05-01,3621118
関東,千葉県,関東ブロック,QB 千葉県 anchor_9号店,2022-06-01,3670734
関東,千葉県,関東ブロック,QB 千葉県 anchor_9号店,2022-07-01,3498171
関東,千葉県,関東ブロック,QB 千葉県 anchor_9号店,2022-08-01,3714331
関東,千葉県,関東ブロック,QB 千葉県 anchor_9号店,2022-09-01,3411010
関東,千葉県,関東ブロック,QB 千葉県 anchor_9号店,2022-10-01,3534302
関東,千葉県,関東ブロック,QB 千葉県 anchor_9号店,2022-11-01,3625532
関東,千葉県,関東ブロック,QB 千葉県 anchor_9号店,2022-12-01,4484525
関東,千葉県,関東ブロック,QB 千葉県 anchor_9号店,2023-01-01,3343193
関東,千葉県,関東ブロック,QB 千葉県 anchor_9号店,2023-02-01,3465061
関東,千葉県,関東ブロック,QB 千葉県 anchor_9号店,2023-03-01,4378813
関東,千葉県,関東ブロック,QB 千葉県 anchor_9号店,2023-04-01,3776952
関東,千葉県,関東ブロック,QB 千葉県 anchor_9号店,2023-05-01,3803398
関東,千葉県,関東ブロック,QB 千葉県 anchor_9号店,2023-06-01,3610900
関東,千葉県,関東ブロック,QB 千葉県 anchor_9号店,2023-07-01,3715403
関東,千葉県,関東ブロック,QB 千葉県 anchor_9号店,2023-08-01,4087087
関東,千葉県,関東ブロック,QB 千葉県 anchor_9号店,2023-09-01,3396775
関東,千葉県,関東ブロック,QB 千葉県 anchor_9号店,2023-10-01,3903576
関東,千葉県,関東ブロック,QB 千葉県 anchor_9号店,2023-11-01,3833955
関東,千葉県,関東ブロック,QB 千葉県 anchor_9号店,2023-12-01,4259414
九州,福岡県,九州ブロック,QB 福岡県 anchor_10号店,2018-01-01,2128175
九州,福岡県,九州ブロック,QB 福岡県 anchor_10号店,2018-02-01,2189050
九州,福岡県,九州ブロック,QB 福岡県 anchor_10号店,2018-03-01,2647411
九州,福岡県,九州ブロック,QB 福岡県 anchor_10号店,2018-04-01,2325303
九州,福岡県,九州ブロック,QB 福岡県 anchor_10号店,2018-05-01,2378257
九州,福岡県,九州ブロック,QB 福岡県 anchor_10号店,2018-06-01,2471756
九州,福岡県,九州ブロック,QB 福岡県 anchor_10号店,2018-07-01,2576841
九州,福岡県,九州ブロック,QB 福岡県 anchor_10号店,2018-08-01,2719992
九州,福岡県,九州ブロック,QB 福岡県 anchor_10号店,2018-09-01,2220477
九州,福岡県,九州ブロック,QB 福岡県 anchor_10号店,2018-10-01,2457102
九州,福岡県,九州ブロック,QB 福岡県 anchor_10号店,2018-11-01,2167637
九州,福岡県,九州ブロック,QB 福岡県 anchor_10号店,2018-12-01,2877264
九州,福岡県,九州ブロック,QB 福岡県 anchor_10号店,2019-01-01,2195946
九州,福岡県,九州ブロック,QB 福岡県 anchor_10号店,2019-02-01,2185513
九州,福岡県,九州ブロック,QB 福岡県 anchor_10号店,2019-03-01,2847918
九州,福岡県,九州ブロック,QB 福岡県 anchor_10号店,2019-04-01,2287568
九州,福岡県,九州ブロック,QB 福岡県 anchor_10号店,2019-05-01,2469683
九州,福岡県,九州ブロック,QB 福岡県 anchor_10号店,2019-06-01,2239147
九州,福岡県,九州ブロック,QB 福岡県 anchor_10号店,2019-07-01,2632197
九州,福岡県,九州ブロック,QB 福岡県 anchor_10号店,2019-08-01,2624036
九州,福岡県,九州ブロック,QB 福岡県 anchor_10号店,2019-09-01,2114033
九州,福岡県,九州ブロック,QB 福岡県 anchor_10号店,2019-10-01,2276738
九州,福岡県,九州ブロック,QB 福岡県 anchor_10号店,2019-11-01,2436264
九州,福岡県,九州ブロック,QB 福岡県 anchor_10号店,2019-12-01,2946661
九州,福岡県,九州ブロック,QB 福岡県 anchor_10号店,2020-01-01,2114944
九州,福岡県,九州ブロック,QB 福岡県 anchor_10号店,2020-02-01,2236065
九州,福岡県,九州ブロック,QB 福岡県 anchor_10号店,2020-03-01,2911519
九州,福岡県,九州ブロック,QB 福岡県 anchor_10号店,2020-04-01,1537747
九州,福岡県,九州ブロック,QB 福岡県 anchor_10号店,2020-05-01,1580543
九州,福岡県,九州ブロック,QB 福岡県 anchor_10号店,2020-06-01,1713105
九州,福岡県,九州ブロック,QB 福岡県 anchor_10号店,2020-07-01,2050080
九州,福岡県,九州ブロック,QB 福岡県 anchor_10号店,2020-08-01,2288275
九州,福岡県,九州ブロック,QB 福岡県 anchor_10号店,2020-09-01,2036785
九州,福岡県,九州ブロック,QB 福岡県 anchor_10号店,2020-10-01,2245001
九州,福岡県,九州ブロック,QB 福岡県 anchor_10号店,2020-11-01,2221466
九州,福岡県,九州ブロック,QB 福岡県 anchor_10号店,2020-12-01,3106236
九州,福岡県,九州ブロック,QB 福岡県 anchor_10号店,2021-01-01,2076077
九州,福岡県,九州ブロック,QB 福岡県 anchor_10号店,2021-02-01,2302860
九州,福岡県,九州ブロック,QB 福岡県 anchor_10号店,2021-03-01,2753359
九州,福岡県,九州ブロック,QB 福岡県 anchor_10号店,2021-04-01,2586150
九州,福岡県,九州ブロック,QB 福岡県 anchor_10号店,2021-05-01,2449790
九州,福岡県,九州ブロック,QB 福岡県 anchor_10号店,2021-06-01,2416864
九州,福岡県,九州ブロック,QB 福岡県 anchor_10号店,2021-07-01,2809663
九州,福岡県,九州ブロック,QB 福岡県 anchor_10号店,2021-08-01,2683301
九州,福岡県,九州ブロック,QB 福岡県 anchor_10号店,2021-09-01,2113684
九州,福岡県,九州ブロック,QB 福岡県 anchor_10号店,2021-10-01,2588260
九州,福岡県,九州ブロック,QB 福岡県 anchor_10号店,2021-11-01,2426064
九州,福岡県,九州ブロック,QB 福岡県 anchor_10号店,2021-12-01,3202300
九州,福岡県,九州ブロック,QB 福岡県 anchor_10号店,2022-01-01,2165670
九州,福岡県,九州ブロック,QB 福岡県 anchor_10号店,2022-02-01,2233766
九州,福岡県,九州ブロック,QB 福岡県 anchor_10号店,2022-03-01,2632694
九州,福岡県,九州ブロック,QB 福岡県 anchor_10号店,2022-04-01,2440381
九州,福岡県,九州ブロック,QB 福岡県 anchor_10号店,2022-05-01,2523107
九州,福岡県,九州ブロック,QB 福岡県 anchor_10号店,2022-06-01,2457608
九州,福岡県,九州ブロック,QB 福岡県 anchor_10号店,2022-07-01,2259407
九州,福岡県,九州ブロック,QB 福岡県 anchor_10号店,2022-08-01,2567584
九州,福岡県,九州ブロック,QB 福岡県 anchor_10号店,2022-09-01,2136956
九州,福岡県,九州ブロック,QB 福岡県 anchor_10号店,2022-10-01,2720847
九州,福岡県,九州ブロック,QB 福岡県 anchor_10号店,2022-11-01,2367679
九州,福岡県,九州ブロック,QB 福岡県 anchor_10号店,2022-12-01,3085127
九州,福岡県,九州ブロック,QB 福岡県 anchor_10号店,2023-01-01,2437609
九州,福岡県,九州ブロック,QB 福岡県 anchor_10号店,2023-02-01,2313609
九州,福岡県,九州ブロック,QB 福岡県 anchor_10号店,2023-03-01,3002257
九州,福岡県,九州ブロック,QB 福岡県 anchor_10号店,2023-04-01,2516961
九州,福岡県,九州ブロック,QB 福岡県 anchor_10号店,2023-05-01,2365429
九州,福岡県,九州ブロック,QB 福岡県 anchor_10号店,2023-06-01,2456590
九州,福岡県,九州ブロック,QB 福岡県 anchor_10号店,2023-07-01,2225894
九州,福岡県,九州ブロック,QB 福岡県 anchor_10号店,2023-08-01,2656799
九州,福岡県,九州ブロック,QB 福岡県 anchor_10号店,2023-09-01,2299837
九州,福岡県,九州ブロック,QB 福岡県 anchor_10号店,2023-10-01,2669580
九州,福岡県,九州ブロック,QB 福岡県 anchor_10号店,2023-11-01,2628541
九州,福岡県,九州ブロック,QB 福岡県 anchor_10号店,2023-12-01,2986622
東北,宮城県,東北ブロック,QB 宮城県 anchor_11号店,2018-02-01,2411588
東北,宮城県,東北ブロック,QB 宮城県 anchor_11号店,2018-03-01,3171670
東北,宮城県,東北ブロック,QB 宮城県 anchor_11号店,2018-04-01,2724165
東北,宮城県,東北ブロック,QB 宮城県 anchor_11号店,2018-05-01,2643496
東北,宮城県,東北ブロック,QB 宮城県 anchor_11号店,2018-06-01,2549819
東北,宮城県,東北ブロック,QB 宮城県 anchor_11号店,2018-07-01,2582322
東北,宮城県,東北ブロック,QB 宮城県 anchor_11号店,2018-08-01,2804971
東北,宮城県,東北ブロック,QB 宮城県 anchor_11号店,2018-09-01,2249838
東北,宮城県,東北ブロック,QB 宮城県 anchor_11号店,2018-10-01,2738774
東北,宮城県,東北ブロック,QB 宮城県 anchor_11号店,2018-11-01,2660625
東北,宮城県,東北ブロック,QB 宮城県 anchor_11号店,2018-12-01,3077281
東北,宮城県,東北ブロック,QB 宮城県 anchor_11号店,2019-01-01,2506920
東北,宮城県,東北ブロック,QB 宮城県 anchor_11号店,2019-02-01,2445364
東北,宮城県,東北ブロック,QB 宮城県 anchor_11号店,2019-03-01,3140421
東北,宮城県,東北ブロック,QB 宮城県 anchor_11号店,2019-04-01,2766659
東北,宮城県,東北ブロック,QB 宮城県 anchor_11号店,2019-05-01,2741223
東北,宮城県,東北ブロック,QB 宮城県 anchor_11号店,2019-06-01,2496401
東北,宮城県,東北ブロック,QB 宮城県 anchor_11号店,2019-07-01,2678031
東北,宮城県,東北ブロック,QB 宮城県 anchor_11号店,2019-08-01,2988831
東北,宮城県,東北ブロック,QB 宮城県 anchor_11号店,2019-09-01,2497788
東北,宮城県,東北ブロック,QB 宮城県 anchor_11号店,2019-10-01,2745748
東北,宮城県,東北ブロック,QB 宮城県 anchor_11号店,2019-11-01,2533895
東北,宮城県,東北ブロック,QB 宮城県 anchor_11号店,2019-12-01,3437976
東北,宮城県,東北ブロック,QB 宮城県 anchor_11号店,2020-01-01,2456104
東北,宮城県,東北ブロック,QB 宮城県 anchor_11号店,2020-02-01,2562170
東北,宮城県,東北ブロック,QB 宮城県 anchor_11号店,2020-03-01,2817179
東北,宮城県,東北ブロック,QB 宮城県 anchor_11号店,2020-04-01,1616691
東北,宮城県,東北ブロック,QB 宮城県 anchor_11号店,2020-05-01,1870659
東北,宮城県,東北ブロック,QB 宮城県 anchor_11号店,2020-06-01,1937609
東北,宮城県,東北ブロック,QB 宮城県 anchor_11号店,2020-07-01,2119809
東北,宮城県,東北ブロック,QB 宮城県 anchor_11号店,2020-08-01,2441307
東北,宮城県,東北ブロック,QB 宮城県 anchor_11号店,2020-09-01,2182931
東北,宮城県,東北ブロック,QB 宮城県 anchor_11号店,2020-10-01,2704241
東北,宮城県,東北ブロック,QB 宮城県 anchor_11号店,2020-11-01,2434739
東北,宮城県,東北ブロック,QB 宮城県 anchor_11号店,2020-12-01,3243523
東北,宮城県,東北ブロック,QB 宮城県 anchor_11号店,2021-01-01,2349012
東北,宮城県,東北ブロック,QB 宮城県 anchor_11号店,2021-02-01,2417493
東北,宮城県,東北ブロック,QB 宮城県 anchor_11号店,2021-03-01,2856361
東北,宮城県,東北ブロック,QB 宮城県 anchor_11号店,2021-04-01,2915176
東北,宮城県,東北ブロック,QB 宮城県 anchor_11号店,2021-05-01,2744525
東北,宮城県,東北ブロック,QB 宮城県 anchor_11号店,2021-06-01,2500219
東北,宮城県,東北ブロック,QB 宮城県 anchor_11号店,2021-07-01,2788477
東北,宮城県,東北ブロック,QB 宮城県 anchor_11号店,2021-08-01,2867641
東北,宮城県,東北ブロック,QB 宮城県 anchor_11号店,2021-09-01,2371335
東北,宮城県,東北ブロック,QB 宮城県 anchor_11号店,2021-10-01,3094223
東北,宮城県,東北ブロック,QB 宮城県 anchor_11号店,2021-11-01,2588286
東北,宮城県,東北ブロック,QB 宮城県 anchor_11号店,2021-12-01,3473992
東北,宮城県,東北ブロック,QB 宮城県 anchor_11号店,2022-01-01,2854688
東北,宮城県,東北ブロック,QB 宮城県 anchor_11号店,2022-02-01,2446070
東北,宮城県,東北ブロック,QB 宮城県 anchor_11号店,2022-03-01,2893745
東北,宮城県,東北ブロック,QB 宮城県 anchor_11号店,2022-04-01,2846839
東北,宮城県,東北ブロック,QB 宮城県 anchor_11号店,2022-05-01,3009495
東北,宮城県,東北ブロック,QB 宮城県 anchor_11号店,2022-06-01,2570144
東北,宮城県,東北ブロック,QB 宮城県 anchor_11号店,2022-07-01,3025163
東北,宮城県,東北ブロック,QB 宮城県 anchor_11号店,2022-08-01,2642525
東北,宮城県,東北ブロック,QB 宮城県 anchor_11号店,2022-09-01,2555569
東北,宮城県,東北ブロック,QB 宮城県 anchor_11号店,2022-10-01,2967440
東北,宮城県,東北ブロック,QB 宮城県 anchor_11号店,2022-11-01,2743897
東北,宮城県,東北ブロック,QB 宮城県 anchor_11号店,2022-12-01,3323632
東北,宮城県,東北ブロック,QB 宮城県 anchor_11号店,2023-01-01,2564700
東北,宮城県,東北ブロック,QB 宮城県 anchor_11号店,2023-02-01,2383348
東北,宮城県,東北ブロック,QB 宮城県 anchor_11号店,2023-03-01,3120287
東北,宮城県,東北ブロック,QB 宮城県 anchor_11号店,2023-04-01,2721829
東北,宮城県,東北ブロック,QB 宮城県 anchor_11号店,2023-05-01,2921061
東北,宮城県,東北ブロック,QB 宮城県 anchor_11号店,2023-06-01,2566474
東北,宮城県,東北ブロック,QB 宮城県 anchor_11号店,2023-07-01,2992385
東北,宮城県,東北ブロック,QB 宮城県 anchor_11号店,2023-08-01,3038436
東北,宮城県,東北ブロック,QB 宮城県 anchor_11号店,2023-09-01,2615766
東北,宮城県,東北ブロック,QB 宮城県 anchor_11号店,2023-10-01,2715772
東北,宮城県,東北ブロック,QB 宮城県 anchor_11号店,2023-11-01,2720403
東北,宮城県,東北ブロック,QB 宮城県 anchor_11号店,2023-12-01,3437929
中部,静岡県,中部ブロック,QB 静岡県 anchor_12号店,2018-01-01,2182736
中部,静岡県,中部ブロック,QB 静岡県 anchor_12号店,2018-02-01,2208711
中部,静岡県,中部ブロック,QB 静岡県 anchor_12号店,2018-03-01,2841626
中部,静岡県,中部ブロック,QB 静岡県 anchor_12号店,2018-04-01,2450775
中部,静岡県,中部ブロック,QB 静岡県 anchor_12号店,2018-05-01,2499399
中部,静岡県,中部ブロック,QB 静岡県 anchor_12号店,2018-06-01,2383326
中部,静岡県,中部ブロック,QB 静岡県 anchor_12号店,2018-07-01,2289589
中部,静岡県,中部ブロック,QB 静岡県 anchor_12号店,2018-08-01,2595036
中部,静岡県,中部ブロック,QB 静岡県 anchor_12号店,2018-09-01,2385670
中部,静岡県,中部ブロック,QB 静岡県 anchor_12号店,2018-10-01,2461764
中部,静岡県,中部ブロック,QB 静岡県 anchor_12号店,2018-11-01,2333313
中部,静岡県,中部ブロック,QB 静岡県 anchor_12号店,2018-12-01,3129372
中部,静岡県,中部ブロック,QB 静岡県 anchor_12号店,2019-01-01,2421946
中部,静岡県,中部ブロック,QB 静岡県 anchor_12号店,2019-02-01,2302990
中部,静岡県,中部ブロック,QB 静岡県 anchor_12号店,2019-03-01,2715731
中部,静岡県,中部ブロック,QB 静岡県 anchor_12号店,2019-04-01,2807641
中部,静岡県,中部ブロック,QB 静岡県 anchor_12号店,2019-05-01,2866982
中部,静岡県,中部ブロック,QB 静岡県 anchor_12号店,2019-06-01,2400054
中部,静岡県,中部ブロック,QB 静岡県 anchor_12号店,2019-07-01,2512650
中部,静岡県,中部ブロック,QB 静岡県 anchor_12号店,2019-08-01,2631269
中部,静岡県,中部ブロック,QB 静岡県 anchor_12号店,2019-09-01,2325778
中部,静岡県,中部ブロック,QB 静岡県 anchor_12号店,2019-10-01,2855020
中部,静岡県,中部ブロック,QB 静岡県 anchor_12号店,2019-11-01,2652403
中部,静岡県,中部ブロック,QB 静岡県 anchor_12号店,2019-12-01,3348574
中部,静岡県,中部ブロック,QB 静岡県 anchor_12号店,2020-01-01,2452078
中部,静岡県,中部ブロック,QB 静岡県 anchor_12号店,2020-02-01,2329099
中部,静岡県,中部ブロック,QB 静岡県 anchor_12号店,2020-03-01,2813500
中部,静岡県,中部ブロック,QB 静岡県 anchor_12号店,2020-04-01,1555674
中部,静岡県,中部ブロック,QB 静岡県 anchor_12号店,2020-05-01,1797894
中部,静岡県,中部ブロック,QB 静岡県 anchor_12号店,2020-06-01,1808896
中部,静岡県,中部ブロック,QB 静岡県 anchor_12号店,2020-07-01,2092601
中部,静岡県,中部ブロック,QB 静岡県 anchor_12号店,2020-08-01,2361666
中部,静岡県,中部ブロック,QB 静岡県 anchor_12号店,2020-09-01,2308570
中部,静岡県,中部ブロック,QB 静岡県 anchor_12号店,2020-10-01,2608200
中部,静岡県,中部ブロック,QB 静岡県 anchor_12号店,2020-11-01,2213865
中部,静岡県,中部ブロック,QB 静岡県 anchor_12号店,2020-12-01,2962786
中部,静岡県,中部ブロック,QB 静岡県 anchor_12号店,2021-01-01,2114967
中部,静岡県,中部ブロック,QB 静岡県 anchor_12号店,2021-02-01,2316738
中部,静岡県,中部ブロック,QB 静岡県 anchor_12号店,2021-03-01,2800878
中部,静岡県,中部ブロック,QB 静岡県 anchor_12号店,2021-04-01,2690206
中部,静岡県,中部ブロック,QB 静岡県 anchor_12号店,2021-05-01,2784115
中部,静岡県,中部ブロック,QB 静岡県 anchor_12号店,2021-06-01,2586272
中部,静岡県,中部ブロック,QB 静岡県 anchor_12号店,2021-07-01,2669544
中部,静岡県,中部ブロック,QB 静岡県 anchor_12号店,2021-08-01,2792903
中部,静岡県,中部ブロック,QB 静岡県 anchor_12号店,2021-09-01,2259921
中部,静岡県,中部ブロック,QB 静岡県 anchor_12号店,2021-10-01,2332761
中部,静岡県,中部ブロック,QB 静岡県 anchor_12号店,2021-11-01,2471512
中部,静岡県,中部ブロック,QB 静岡県 anchor_12号店,2021-12-01,3025771
中部,静岡県,中部ブロック,QB 静岡県 anchor_12号店,2022-01-01,2423697
中部,静岡県,中部ブロック,QB 静岡県 anchor_12号店,2022-02-01,2635927
中部,静岡県,中部ブロック,QB 静岡県 anchor_12号店,2022-03-01,3117812
中部,静岡県,中部ブロック,QB 静岡県 anchor_12号店,2022-04-01,2819361
中部,静岡県,中部ブロック,QB 静岡県 anchor_12号店,2022-05-01,2672885
中部,静岡県,中部ブロック,QB 静岡県 anchor_12号店,2022-06-01,2600935
中部,静岡県,中部ブロック,QB 静岡県 anchor_12号店,2022-07-01,2835781
中部,静岡県,中部ブロック,QB 静岡県 anchor_12号店,2022-08-01,2650095
中部,静岡県,中部ブロック,QB 静岡県 anchor_12号店,2022-09-01,2357988
中部,静岡県,中部ブロック,QB 静岡県 anchor_12号店,2022-10-01,2675620
中部,静岡県,中部ブロック,QB 静岡県 anchor_12号店,2022-11-01,2440946
中部,静岡県,中部ブロック,QB 静岡県 anchor_12号店,2022-12-01,3036643
中部,静岡県,中部ブロック,QB 静岡県 anchor_12号店,2023-01-01,2489121
中部,静岡県,中部ブロック,QB 静岡県 anchor_12号店,2023-02-01,2482243
中部,静岡県,中部ブロック,QB 静岡県 anchor_12号店,2023-03-01,3010681
中部,静岡県,中部ブロック,QB 静岡県 anchor_12号店,2023-04-01,2769692
中部,静岡県,中部ブロック,QB 静岡県 anchor_12号店,2023-05-01,2701923
中部,静岡県,中部ブロック,QB 静岡県 anchor_12号店,2023-06-01,2510693
中部,静岡県,中部ブロック,QB 静岡県 anchor_12号店,2023-07-01,2764756
中部,静岡県,中部ブロック,QB 静岡県 anchor_12号店,2023-08-01,2885543
中部,静岡県,中部ブロック,QB 静岡県 anchor_12号店,2023-09-01,2551097
中部,静岡県,中部ブロック,QB 静岡県 anchor_12号店,2023-10-01,2654804
中部,静岡県,中部ブロック,QB 静岡県 anchor_12号店,2023-11-01,2853535
中部,静岡県,中部ブロック,QB 静岡県 anchor_12号店,2023-12-01,3115629
関西,京都府,関西ブロック,QB Premium 京都府 growth_1号店,2022-03-01,2122077
関西,京都府,関西ブロック,QB Premium 京都府 growth_1号店,2022-04-01,1987871
関西,京都府,関西ブロック,QB Premium 京都府 growth_1号店,2022-05-01,1878140
関西,京都府,関西ブロック,QB Premium 京都府 growth_1号店,2022-06-01,1680657
関西,京都府,関西ブロック,QB Premium 京都府 growth_1号店,2022-07-01,2100585
関西,京都府,関西ブロック,QB Premium 京都府 growth_1号店,2022-08-01,2195251
関西,京都府,関西ブロック,QB Premium 京都府 growth_1号店,2022-09-01,2020411
関西,京都府,関西ブロック,QB Premium 京都府 growth_1号店,2022-10-01,1884322
関西,京都府,関西ブロック,QB Premium 京都府 growth_1号店,2022-11-01,2019832
関西,京都府,関西ブロック,QB Premium 京都府 growth_1号店,2022-12-01,2478416
関西,京都府,関西ブロック,QB Premium 京都府 growth_1号店,2023-01-01,1995361
関西,京都府,関西ブロック,QB Premium 京都府 growth_1号店,2023-02-01,2129852
関西,京都府,関西ブロック,QB Premium 京都府 growth_1号店,2023-03-01,2470248
関西,京都府,関西ブロック,QB Premium 京都府 growth_1号店,2023-04-01,2341026
関西,京都府,関西ブロック,QB Premium 京都府 growth_1号店,2023-05-01,2377259
関西,京都府,関西ブロック,QB Premium 京都府 growth_1号店,2023-06-01,2308968
関西,京都府,関西ブロック,QB Premium 京都府 growth_1号店,2023-07-01,2517194
関西,京都府,関西ブロック,QB Premium 京都府 growth_1号店,2023-08-01,2680592
関西,京都府,関西ブロック,QB Premium 京都府 growth_1号店,2023-09-01,2273542
関西,京都府,関西ブロック,QB Premium 京都府 growth_1号店,2023-10-01,2667554
関西,京都府,関西ブロック,QB Premium 京都府 growth_1号店,2023-11-01,2542534
関西,京都府,関西ブロック,QB Premium 京都府 growth_1号店,2023-12-01,3332890
東北,宮城県,東北ブロック,QB Premium 宮城県 growth_2号店,2022-05-01,1964596
東北,宮城県,東北ブロック,QB Premium 宮城県 growth_2号店,2022-06-01,1897632
東北,宮城県,東北ブロック,QB Premium 宮城県 growth_2号店,2022-07-01,1992715
東北,宮城県,東北ブロック,QB Premium 宮城県 growth_2号店,2022-08-01,2124852
東北,宮城県,東北ブロック,QB Premium 宮城県 growth_2号店,2022-09-01,1767165
東北,宮城県,東北ブロック,QB Premium 宮城県 growth_2号店,2022-10-01,2029494
東北,宮城県,東北ブロック,QB Premium 宮城県 growth_2号店,2022-11-01,1880003
東北,宮城県,東北ブロック,QB Premium 宮城県 growth_2号店,2022-12-01,2407737
東北,宮城県,東北ブロック,QB Premium 宮城県 growth_2号店,2023-01-01,2070045
東北,宮城県,東北ブロック,QB Premium 宮城県 growth_2号店,2023-02-01,1931075
東北,宮城県,東北ブロック,QB Premium 宮城県 growth_2号店,2023-03-01,2538374
東北,宮城県,東北ブロック,QB Premium 宮城県 growth_2号店,2023-04-01,2233325
東北,宮城県,東北ブロック,QB Premium 宮城県 growth_2号店,2023-05-01,2167486
東北,宮城県,東北ブロック,QB Premium 宮城県 growth_2号店,2023-06-01,2198292
東北,宮城県,東北ブロック,QB Premium 宮城県 growth_2号店,2023-07-01,2334514
東北,宮城県,東北ブロック,QB Premium 宮城県 growth_2号店,2023-08-01,2553030
東北,宮城県,東北ブロック,QB Premium 宮城県 growth_2号店,2023-09-01,2049675
東北,宮城県,東北ブロック,QB Premium 宮城県 growth_2号店,2023-10-01,2480292
東北,宮城県,東北ブロック,QB Premium 宮城県 growth_2号店,2023-11-01,2112800
東北,宮城県,東北ブロック,QB Premium 宮城県 growth_2号店,2023-12-01,3180010
九州,福岡県,九州ブロック,QB Premium 福岡県 growth_3号店,2022-11-01,1589963
九州,福岡県,九州ブロック,QB Premium 福岡県 growth_3号店,2022-12-01,1966966
九州,福岡県,九州ブロック,QB Premium 福岡県 growth_3号店,2023-01-01,1388239
九州,福岡県,九州ブロック,QB Premium 福岡県 growth_3号店,2023-02-01,1470707
九州,福岡県,九州ブロック,QB Premium 福岡県 growth_3号店,2023-03-01,1739743
九州,福岡県,九州ブロック,QB Premium 福岡県 growth_3号店,2023-04-01,1728275
九州,福岡県,九州ブロック,QB Premium 福岡県 growth_3号店,2023-05-01,1722679
九州,福岡県,九州ブロック,QB Premium 福岡県 growth_3号店,2023-06-01,1742595
九州,福岡県,九州ブロック,QB Premium 福岡県 growth_3号店,2023-07-01,1735812
九州,福岡県,九州ブロック,QB Premium 福岡県 growth_3号店,2023-08-01,1989126
九州,福岡県,九州ブロック,QB Premium 福岡県 growth_3号店,2023-09-01,1600598
九州,福岡県,九州ブロック,QB Premium 福岡県 growth_3号店,2023-10-01,1905195
九州,福岡県,九州ブロック,QB Premium 福岡県 growth_3号店,2023-11-01,1810562
九州,福岡県,九州ブロック,QB Premium 福岡県 growth_3号店,2023-12-01,2492055
東北,宮城県,東北ブロック,QB Premium 宮城県 growth_4号店,2022-05-01,2088377
東北,宮城県,東北ブロック,QB Premium 宮城県 growth_4号店,2022-06-01,2065910
東北,宮城県,東北ブロック,QB Premium 宮城県 growth_4号店,2022-07-01,2280698
東北,宮城県,東北ブロック,QB Premium 宮城県 growth_4号店,2022-08-01,2490597
東北,宮城県,東北ブロック,QB Premium 宮城県 growth_4号店,2022-09-01,2276639
東北,宮城県,東北ブロック,QB Premium 宮城県 growth_4号店,2022-10-01,2084532
東北,宮城県,東北ブロック,QB Premium 宮城県 growth_4号店,2022-11-01,2159357
東北,宮城県,東北ブロック,QB Premium 宮城県 growth_4号店,2022-12-01,2853866
東北,宮城県,東北ブロック,QB Premium 宮城県 growth_4号店,2023-01-01,2231304
東北,宮城県,東北ブロック,QB Premium 宮城県 growth_4号店,2023-02-01,2368903
東北,宮城県,東北ブロック,QB Premium 宮城県 growth_4号店,2023-03-01,2812336
東北,宮城県,東北ブロック,QB Premium 宮城県 growth_4号店,2023-04-01,2591102
東北,宮城県,東北ブロック,QB Premium 宮城県 growth_4号店,2023-05-01,2750564
東北,宮城県,東北ブロック,QB Premium 宮城県 growth_4号店,2023-06-01,2561071
東北,宮城県,東北ブロック,QB Premium 宮城県 growth_4号店,2023-07-01,3118404
東北,宮城県,東北ブロック,QB Premium 宮城県 growth_4号店,2023-08-01,2965915
東北,宮城県,東北ブロック,QB Premium 宮城県 growth_4号店,2023-09-01,2325812
東北,宮城県,東北ブロック,QB Premium 宮城県 growth_4号店,2023-10-01,2714212
東北,宮城県,東北ブロック,QB Premium 宮城県 growth_4号店,2023-11-01,2951095
東北,宮城県,東北ブロック,QB Premium 宮城県 growth_4号店,2023-12-01,3449111
関西,兵庫県,関西ブロック,QB Premium 兵庫県 growth_5号店,2022-05-01,1572108
関西,兵庫県,関西ブロック,QB Premium 兵庫県 growth_5号店,2022-06-01,1561038
関西,兵庫県,関西ブロック,QB Premium 兵庫県 growth_5号店,2022-07-01,1697953
関西,兵庫県,関西ブロック,QB Premium 兵庫県 growth_5号店,2022-08-01,1779394
関西,兵庫県,関西ブロック,QB Premium 兵庫県 growth_5号店,2022-09-01,1396521
関西,兵庫県,関西ブロック,QB Premium 兵庫県 growth_5号店,2022-10-01,1637015
関西,兵庫県,関西ブロック,QB Premium 兵庫県 growth_5号店,2022-11-01,1625493
関西,兵庫県,関西ブロック,QB Premium 兵庫県 growth_5号店,2022-12-01,2071014
関西,兵庫県,関西ブロック,QB Premium 兵庫県 growth_5号店,2023-01-01,1559749
関西,兵庫県,関西ブロック,QB Premium 兵庫県 growth_5号店,2023-02-01,1471837
関西,兵庫県,関西ブロック,QB Premium 兵庫県 growth_5号店,2023-03-01,2103340
関西,兵庫県,関西ブロック,QB Premium 兵庫県 growth_5号店,2023-04-01,1814235
関西,兵庫県,関西ブロック,QB Premium 兵庫県 growth_5号店,2023-05-01,1823102
関西,兵庫県,関西ブロック,QB Premium 兵庫県 growth_5号店,2023-06-01,1849174
関西,兵庫県,関西ブロック,QB Premium 兵庫県 growth_5号店,2023-07-01,1893506
関西,兵庫県,関西ブロック,QB Premium 兵庫県 growth_5号店,2023-08-01,1859839
関西,兵庫県,関西ブロック,QB Premium 兵庫県 growth_5号店,2023-09-01,1854554
関西,兵庫県,関西ブロック,QB Premium 兵庫県 growth_5号店,2023-10-01,2155673
関西,兵庫県,関西ブロック,QB Premium 兵庫県 growth_5号店,2023-11-01,2041515
関西,兵庫県,関西ブロック,QB Premium 兵庫県 growth_5号店,2023-12-01,2632491
九州,福岡県,九州ブロック,QB Premium 福岡県 growth_6号店,2022-09-01,1388790
九州,福岡県,九州ブロック,QB Premium 福岡県 growth_6号店,2022-10-01,1740837
九州,福岡県,九州ブロック,QB Premium 福岡県 growth_6号店,2022-11-01,1614819
九州,福岡県,九州ブロック,QB Premium 福岡県 growth_6号店,2022-12-01,1870535
九州,福岡県,九州ブロック,QB Premium 福岡県 growth_6号店,2023-01-01,1517910
九州,福岡県,九州ブロック,QB Premium 福岡県 growth_6号店,2023-02-01,1693982
九州,福岡県,九州ブロック,QB Premium 福岡県 growth_6号店,2023-03-01,2064142
九州,福岡県,九州ブロック,QB Premium 福岡県 growth_6号店,2023-04-01,1875029
九州,福岡県,九州ブロック,QB Premium 福岡県 growth_6号店,2023-05-01,1660200
九州,福岡県,九州ブロック,QB Premium 福岡県 growth_6号店,2023-06-01,1926455
九州,福岡県,九州ブロック,QB Premium 福岡県 growth_6号店,2023-07-01,2045151
九州,福岡県,九州ブロック,QB Premium 福岡県 growth_6号店,2023-08-01,1908463
九州,福岡県,九州ブロック,QB Premium 福岡県 growth_6号店,2023-09-01,2016929
九州,福岡県,九州ブロック,QB Premium 福岡県 growth_6号店,2023-10-01,2034528
九州,福岡県,九州ブロック,QB Premium 福岡県 growth_6号店,2023-11-01,2182231
九州,福岡県,九州ブロック,QB Premium 福岡県 growth_6号店,2023-12-01,2555518
九州,福岡県,九州ブロック,QB Shell 福岡県 startup_1号店,2023-02-01,1015013
九州,福岡県,九州ブロック,QB Shell 福岡県 startup_1号店,2023-03-01,1307853
九州,福岡県,九州ブロック,QB Shell 福岡県 startup_1号店,2023-04-01,1259408
九州,福岡県,九州ブロック,QB Shell 福岡県 startup_1号店,2023-05-01,1258150
九州,福岡県,九州ブロック,QB Shell 福岡県 startup_1号店,2023-06-01,1178583
九州,福岡県,九州ブロック,QB Shell 福岡県 startup_1号店,2023-07-01,1309914
九州,福岡県,九州ブロック,QB Shell 福岡県 startup_1号店,2023-08-01,1411845
九州,福岡県,九州ブロック,QB Shell 福岡県 startup_1号店,2023-09-01,1306398
九州,福岡県,九州ブロック,QB Shell 福岡県 startup_1号店,2023-10-01,1390863
九州,福岡県,九州ブロック,QB Shell 福岡県 startup_1号店,2023-11-01,1373910
九州,福岡県,九州ブロック,QB Shell 福岡県 startup_1号店,2023-12-01,1512456
東北,宮城県,東北ブロック,QB Shell 宮城県 startup_2号店,2023-06-01,885621
東北,宮城県,東北ブロック,QB Shell 宮城県 startup_2号店,2023-07-01,1020582
東北,宮城県,東北ブロック,QB Shell 宮城県 startup_2号店,2023-08-01,1090157
東北,宮城県,東北ブロック,QB Shell 宮城県 startup_2号店,2023-09-01,977402
東北,宮城県,東北ブロック,QB Shell 宮城県 startup_2号店,2023-10-01,1142066
東北,宮城県,東北ブロック,QB Shell 宮城県 startup_2号店,2023-11-01,1237840
東北,宮城県,東北ブロック,QB Shell 宮城県 startup_2号店,2023-12-01,1253696
中部,静岡県,中部ブロック,QB Shell 静岡県 startup_3号店,2023-02-01,1326635
中部,静岡県,中部ブロック,QB Shell 静岡県 startup_3号店,2023-03-01,1511503
中部,静岡県,中部ブロック,QB Shell 静岡県 startup_3号店,2023-04-01,1456276
中部,静岡県,中部ブロック,QB Shell 静岡県 startup_3号店,2023-05-01,1530670
中部,静岡県,中部ブロック,QB Shell 静岡県 startup_3号店,2023-06-01,1420193
中部,静岡県,中部ブロック,QB Shell 静岡県 startup_3号店,2023-07-01,1448726
中部,静岡県,中部ブロック,QB Shell 静岡県 startup_3号店,2023-08-01,1731408
中部,静岡県,中部ブロック,QB Shell 静岡県 startup_3号店,2023-09-01,1498254
中部,静岡県,中部ブロック,QB Shell 静岡県 startup_3号店,2023-10-01,1578763
中部,静岡県,中部ブロック,QB Shell 静岡県 startup_3号店,2023-11-01,1507643
中部,静岡県,中部ブロック,QB Shell 静岡県 startup_3号店,2023-12-01,1997847
関西,兵庫県,関西ブロック,QB Shell 兵庫県 startup_4号店,2023-01-01,1294306
関西,兵庫県,関西ブロック,QB Shell 兵庫県 startup_4号店,2023-02-01,1215212
関西,兵庫県,関西ブロック,QB Shell 兵庫県 startup_4号店,2023-03-01,1482004
関西,兵庫県,関西ブロック,QB Shell 兵庫県 startup_4号店,2023-04-01,1390407
関西,兵庫県,関西ブロック,QB Shell 兵庫県 startup_4号店,2023-05-01,1399383
関西,兵庫県,関西ブロック,QB Shell 兵庫県 startup_4号店,2023-06-01,1308431
関西,兵庫県,関西ブロック,QB Shell 兵庫県 startup_4号店,2023-07-01,1417958
関西,兵庫県,関西ブロック,QB Shell 兵庫県 startup_4号店,2023-08-01,1561567
関西,兵庫県,関西ブロック,QB Shell 兵庫県 startup_4号店,2023-09-01,1254732
関西,兵庫県,関西ブロック,QB Shell 兵庫県 startup_4号店,2023-10-01,1528649
関西,兵庫県,関西ブロック,QB Shell 兵庫県 startup_4号店,2023-11-01,1498635
関西,兵庫県,関西ブロック,QB Shell 兵庫県 startup_4号店,2023-12-01,1940469
関西,兵庫県,関西ブロック,QB Shell 兵庫県 startup_5号店,2023-03-01,1136236
関西,兵庫県,関西ブロック,QB Shell 兵庫県 startup_5号店,2023-04-01,1130287
関西,兵庫県,関西ブロック,QB Shell 兵庫県 startup_5号店,2023-05-01,1131627
関西,兵庫県,関西ブロック,QB Shell 兵庫県 startup_5号店,2023-06-01,1044920
関西,兵庫県,関西ブロック,QB Shell 兵庫県 startup_5号店,2023-07-01,982679
関西,兵庫県,関西ブロック,QB Shell 兵庫県 startup_5号店,2023-08-01,1154398
関西,兵庫県,関西ブロック,QB Shell 兵庫県 startup_5号店,2023-09-01,969906
関西,兵庫県,関西ブロック,QB Shell 兵庫県 startup_5号店,2023-10-01,1152570
関西,兵庫県,関西ブロック,QB Shell 兵庫県 startup_5号店,2023-11-01,1101411
関西,兵庫県,関西ブロック,QB Shell 兵庫県 startup_5号店,2023-12-01,1408503
九州,福岡県,九州ブロック,QB Shell 福岡県 startup_6号店,2023-02-01,1264659
九州,福岡県,九州ブロック,QB Shell 福岡県 startup_6号店,2023-03-01,1566714
九州,福岡県,九州ブロック,QB Shell 福岡県 startup_6号店,2023-04-01,1490521
九州,福岡県,九州ブロック,QB Shell 福岡県 startup_6号店,2023-05-01,1431358
九州,福岡県,九州ブロック,QB Shell 福岡県 startup_6号店,2023-06-01,1406420
九州,福岡県,九州ブロック,QB Shell 福岡県 startup_6号店,2023-07-01,1514946
九州,福岡県,九州ブロック,QB Shell 福岡県 startup_6号店,2023-08-01,1705892
九州,福岡県,九州ブロック,QB Shell 福岡県 startup_6号店,2023-09-01,1425204
九州,福岡県,九州ブロック,QB Shell 福岡県 startup_6号店,2023-10-01,1640616
九州,福岡県,九州ブロック,QB Shell 福岡県 startup_6号店,2023-11-01,1681885
九州,福岡県,九州ブロック,QB Shell 福岡県 startup_6号店,2023-12-01,1944830
